City_ID,City,Country,Max Temp,Current Description,Lat,Lng,Hotel Name
3,Pacifica,US,87.06,fog,37.6138,-122.4869,"Pacifica Lighthouse, Trademark Collection by Wyndham"
4,Valverde Del Camino,ES,76.03,clear sky,37.5751,-6.7543,HOTEL MONTEAROMA (ulamde hotelera S.L.)
6,Puerto Ayora,EC,70.56,scattered clouds,-0.7393,-90.3518,Finch Bay Galapagos Hotel
7,Rikitea,PF,73.78,light rain,-23.1203,-134.9692,People ThankYou
11,Acapulco,MX,84.02,broken clouds,16.8634,-99.8901,HS Hotsson Smart Acapulco
12,Butaritari,KI,82.13,light rain,3.0707,172.7902,Isles Sunset Lodge
13,Locri,IT,70.32,clear sky,38.2414,16.2623,Grand Hotel President
14,Victoria,HK,89.65,broken clouds,22.2855,114.1577,Mini Central
15,Komsomolskiy,UZ,79.52,scattered clouds,40.4272,71.7189,Ikathouse
19,Vaini,TO,78.96,scattered clouds,-21.2,-175.2,Keleti Beach Resort
23,Sibi,PK,90.45,overcast clouds,29.5448,67.8764,Gishkori House Sibi
26,Boa Vista,BR,78.78,light rain,2.8197,-60.6733,Aipana Plaza Hotel
27,Touros,BR,74.52,clear sky,-5.1989,-35.4608,INN NEW HORIZON
30,Rajapur,IN,93.16,clear sky,25.3833,81.15,Sahu Ji Galla Mills
31,Zhangjiakou,CN,77.04,overcast clouds,40.81,114.8794,Shell Zhangjiakou City Qiaodong District Ginza Hotel
32,Champerico,GT,81.86,overcast clouds,14.3,-91.9167,"Hotel y restaurante ""El Diamante"""
34,Sao Filipe,CV,73.71,clear sky,14.8961,-24.4956,Hotel Xaguate
38,Arraial Do Cabo,BR,70.45,scattered clouds,-22.9661,-42.0278,Pousada Porto Praia
39,Meulaboh,ID,79.34,overcast clouds,4.1363,96.1285,Kost Pria
40,Bubaque,GW,79.7,broken clouds,11.2833,-15.8333,"Casa Dora, Bubaque"
44,Kapaa,US,84.18,scattered clouds,22.0752,-159.319,Sheraton Kauai Coconut Beach Resort
47,Seminole,US,80.28,clear sky,28.7086,-81.2081,The Oviedo Lodge Motel
48,Harper,LR,74.5,scattered clouds,4.375,-7.7169,Screensaver
52,Kampot,KH,75.25,overcast clouds,10.6167,104.1833,Two Moons Hotel
56,San Patricio,US,90.18,clear sky,28.017,-97.5169,"Motel 6 Sinton, TX"
60,Cockburn Town,TC,81.5,overcast clouds,21.4612,-71.1419,Osprey Beach Hotel
63,Hilo,US,86.29,overcast clouds,19.7297,-155.09,Hilo Hawaiian Hotel
70,Kloulklubed,PW,82.9,overcast clouds,7.0419,134.2556,Storyboard Beach Resort
72,Atambua,ID,79.16,broken clouds,-9.1061,124.8925,Kost Alfa Flat
74,Atuona,PF,76.87,scattered clouds,-9.8,-139.0333,Villa Enata
77,Tezu,IN,84.52,overcast clouds,27.9167,96.1667,Circuit House
79,Zhengjiatun,CN,79.32,clear sky,43.5064,123.5064,Siping Hexiang Hotel
81,Wuzhou,CN,87.58,clear sky,23.4833,111.3167,Wuzhou Hostel
84,Bobrov,RU,70.36,overcast clouds,51.0961,40.0333,Hotel Bobrov
88,Gizo,SB,83.21,overcast clouds,-8.103,156.8419,Imagination Island
91,Ambon,ID,79.23,moderate rain,-3.6954,128.1814,Swiss-Belhotel Ambon
94,Georgetown,MY,84.15,thunderstorm,5.4112,100.3354,Cititel Penang
95,Ascension,US,81.07,clear sky,30.2169,-90.9001,Highland Inn
96,Kachug,RU,71.91,scattered clouds,53.9606,105.8817,"The hotel ""Empire"""
97,Port Blair,IN,82.44,overcast clouds,11.6667,92.75,"Welcomhotel By ITC Hotels, Bay Island, Port Blair"
99,Avarua,CK,77.05,overcast clouds,-21.2078,-159.775,Paradise Inn
103,Luganville,VU,84.79,few clouds,-15.5333,167.1667,The Espiritu Hotel
105,Puerto Narino,CO,71.1,overcast clouds,-3.7703,-70.3831,Eware Refugio Amazonico
109,Dandong,CN,79.2,few clouds,40.1292,124.3947,Yiranju Farmstay
114,Along,IN,81.84,overcast clouds,28.1667,94.7667,Hotel West
117,Novo Aripuana,BR,79.52,broken clouds,-5.1206,-60.3797,Hotel Ezequiel
120,Cayenne,GF,75.09,overcast clouds,4.9333,-52.3333,H√¥tel Le Dronmi
121,College,US,74.07,thunderstorm,64.8569,-147.8028,Pike's Waterfront Lodge
122,Vao,NC,75.72,heavy intensity rain,-22.6667,167.4833,Hotel Kou-Bugny
124,Barinas,VE,77.04,overcast clouds,8.6226,-70.2075,Hotel Mastranto Suite
126,Lorengau,PG,85.28,overcast clouds,-2.0226,147.2712,Lorengau Harbourside Hotel
128,Bethel,US,70.16,clear sky,41.3712,-73.414,Courtyard by Marriott Danbury
129,Jacareacanga,BR,79.92,overcast clouds,-6.2222,-57.7528,Casa do Ianüòé
130,Kieta,PG,83.07,light rain,-6.2167,155.6333,Uruna Bay Retreat
132,Apatou,GF,73.24,overcast clouds,5.155,-54.3472,Yoto quensha
137,Akyab,MM,79.45,overcast clouds,20.15,92.9,Hotel Memory
139,Mandalgovi,MN,70.7,overcast clouds,45.7625,106.2708,–í.–ì–∞–Ω–±–∞—Ç
142,Port-Gentil,GA,71.51,overcast clouds,-0.7193,8.7815,Fengshui Residence
145,Yellowknife,CA,70.32,broken clouds,62.456,-114.3525,The Explorer Hotel
147,Takab,IR,70.07,clear sky,36.4009,47.1133,ŸÜÿßŸÜŸàÿß€å€å ÿ¨ŸàÿßÿØ
151,Dingle,PH,82.42,light rain,10.9995,122.6711,SEGAYA PROPERTY
153,Qingdao,CN,82.0,scattered clouds,36.0986,120.3719,Le Meridien Qingdao
156,Ust-Nera,RU,84.07,broken clouds,64.5667,143.2,Hotel Ust-Nera
157,Anse-Bertrand,GP,78.94,broken clouds,16.4721,-61.5078,Le Domharry
162,Sola,VU,81.34,clear sky,-13.8833,167.55,Leumerus Bungalows
164,Hobyo,SO,76.05,broken clouds,5.3505,48.5268,Iftin hotel hobyo
165,Atar,MR,92.48,clear sky,20.5169,-13.0499,Oumou Elghoura
166,Myingyan,MM,85.93,broken clouds,21.4667,95.3833,Yamethin
167,Carutapera,BR,74.68,broken clouds,-1.195,-46.02,Lidera
170,Kudahuvadhoo,MV,81.81,overcast clouds,2.6708,72.8944,Niyama Private Islands Maldives
173,Port Hedland,AU,75.25,clear sky,-20.3167,118.5667,The Esplanade Hotel
178,Marawi,PH,79.5,scattered clouds,7.9986,124.2928,Derogongan Residence
180,Khlung,TH,84.52,overcast clouds,12.4547,102.2214,Bai Phai Resort
186,Okha,RU,70.92,overcast clouds,53.5739,142.9478,Sakhalin-Sfera
189,Santa Cruz,BO,76.46,overcast clouds,-17.8,-63.1667,Aviador Hotel Boutique
190,Alofi,NU,78.69,broken clouds,-19.0595,-169.9187,Taloa Heights
196,Erenhot,CN,84.94,clear sky,43.6475,111.9767,Erenhot Rurouni Youth Hostel
199,Sarkand,KZ,79.81,clear sky,45.41,79.9186,–ì–æ—Å—Ç–∏–Ω–∏—Ü–∞ –°–∞—Ä–∫–∞–Ω–¥
201,Les Cayes,HT,78.8,overcast clouds,18.2,-73.75,Villa Orphee
204,Minab,IR,88.12,clear sky,27.1467,57.0801,Bam campground
205,Kavaratti,IN,81.39,overcast clouds,10.5669,72.642,Hotels in Lakshadweep Islands
206,Souillac,MU,70.18,scattered clouds,-20.5167,57.5167,Shanti Maurice Resort & Spa
207,Katsuura,JP,80.71,scattered clouds,35.1333,140.3,Katsuura Hotel Mikazuki
211,Biltine,TD,85.55,broken clouds,14.5333,20.9167,H√¥tel Trois √âtoiles de Biltine
213,Khairabad,IN,92.41,clear sky,27.5333,80.75,CHANDRA MARRIAGE LAWN & BANQUET HALL
214,La Brea,HN,76.5,overcast clouds,15.8,-85.9667,Hotel reynita
216,Imeni Poliny Osipenko,RU,80.01,overcast clouds,52.4201,136.4853,Yubileynaya
217,Port Moresby,PG,87.22,haze,-9.4431,147.1797,Lamana Hotel (Port Moresby)
218,Willmar,US,82.42,clear sky,45.1219,-95.0433,Lakeview Inn
219,Barabinsk,RU,72.79,few clouds,55.3571,78.357,Gostinichnyy Kompleks Noy
220,Hirara,JP,89.46,scattered clouds,24.8,125.2833,Hotel Atoll Emerald Miyakojima
222,Salinas,US,81.01,clear sky,36.6777,-121.6555,Laurel Inn & Conference Center
224,Awjilah,LY,76.08,clear sky,29.1081,21.2869,ÿßŸÑŸÖŸÜÿ≤ŸÑ
225,Bengkulu,ID,79.41,overcast clouds,-3.8004,102.2655,Grage Hotel Bengkulu
228,Ayios Nikolaos,GR,75.78,clear sky,38.4167,23.65,Lefkadi
229,Muisne,EC,73.94,overcast clouds,0.6,-80.0333,Quinta Samay
231,Amalapuram,IN,78.06,overcast clouds,16.5833,82.0167,swayamprabha service apartments
232,Bambous Virieux,MU,70.05,light rain,-20.3428,57.7575,Casa Tia Villa
236,Cabedelo,BR,74.07,clear sky,-6.9811,-34.8339,Pousada Camboinha
237,Yueyang,CN,91.81,broken clouds,29.3333,113.0919,Delong Fortune Hotel
238,Robertsport,LR,77.32,light rain,6.7533,-11.3686,Kwepunha Retreat
239,San Rafael Del Sur,NI,77.97,overcast clouds,11.8485,-86.4384,Hospedaje El Chino
240,Cayhagan,PH,83.23,overcast clouds,9.6697,122.4256,Melrose Beach Resort
241,Petropavlovsk-Kamchatskiy,RU,79.39,few clouds,53.0452,158.6483,The Hotel Petropavlovsky
242,Kahului,US,87.82,scattered clouds,20.8947,-156.47,Maui Seaside Hotel
243,Minbu,MM,83.03,overcast clouds,20.1833,94.8833,Pan Tha Tin Guest House - Burmese Only
249,Jambi,ID,85.21,scattered clouds,-1.6,103.6167,ASTON Jambi Hotel & Conference Center
256,Kokopo,PG,85.98,overcast clouds,-4.352,152.2633,Kokopo Beach Bungalow Resort
258,Hasaki,JP,90.28,scattered clouds,35.7333,140.8333,Inubosaki Kanko Hotel
260,Isangel,VU,84.31,light rain,-19.55,169.2667,Tanna Lodge
262,Klang,MY,85.55,few clouds,3.0333,101.45,OYO 90249 Euro Hotel (klang)
263,Naze,JP,86.92,scattered clouds,28.3667,129.4833,Shishime Hotel
264,Margherita,IN,85.93,scattered clouds,27.2833,95.6833,Dehing Guest House
266,Shahr-E Babak,IR,81.91,broken clouds,30.1165,55.1186,ÿ≥ŸÑÿßÿ∑€åŸÜ ŸÖÿ≥ Ÿà ŸÜŸÇÿ±Ÿá
268,Yarkovo,RU,74.73,few clouds,57.4028,67.0786,"Kfkh ""Ivanov S. M."""
269,Ratnagiri,IN,79.36,heavy intensity rain,16.9833,73.3,Hotel Landmark
272,Bosaso,SO,85.21,overcast clouds,11.2842,49.1816,Red Sea Hotel
273,Mahibadhoo,MV,81.91,moderate rain,3.7833,72.9667,Omadhoo Inn
277,Tual,ID,80.13,overcast clouds,-5.6667,132.75,Grand Vilia Hotel
278,Gat,IL,75.88,few clouds,31.61,34.7642,OlusHome
282,Tuensang,IN,79.61,scattered clouds,26.2833,94.8333,B.W.D Resthouse.
285,Nauta,PE,71.62,overcast clouds,-4.5061,-73.5757,Amazon Exploring Expedition - Eretzen T√° Lodge
286,Gazanjyk,TM,83.08,clear sky,39.2446,55.5154,Railway motel
287,Norman Wells,CA,75.24,smoke,65.282,-126.8329,Heritage Hotel
288,Sibu,MY,82.71,few clouds,2.3,111.8167,RH HOTEL (4 Star)
290,Natal,BR,75.42,few clouds,-5.795,-35.2094,Villa Park Hotel | Natal
291,Kavieng,PG,83.57,light rain,-2.5744,150.7967,Nusa Island Retreat
292,Am Timan,TD,75.83,overcast clouds,11.0297,20.2827,Palais du chef Canton Salamt
293,Lahaina,US,87.8,overcast clouds,20.8783,-156.6825,Lahaina Shores Beach Resort
294,Kaduqli,SD,74.57,moderate rain,11.0167,29.7167,Nussyba
295,Mnogovershinnyy,RU,77.22,overcast clouds,53.9353,139.9242,Obshchezhitiye 14
296,Onda,ES,74.89,clear sky,39.9667,-0.25,Motel Shhh
297,Khorramshahr,IR,91.36,dust,30.4397,48.1664,ÿØŸÅÿ™ÿ± ŸÜŸÖÿß€åŸÜÿØ⁄Ø€å ÿ¥ÿ±⁄©ÿ™ ÿ®ÿßÿ≤ÿßÿ±€åÿßÿ®ÿßŸÜ ÿß€åÿ±ÿßŸÜ€åÿßŸÜ ÿ≤ŸÖ€åŸÜBIZ
300,Novouzensk,RU,76.26,overcast clouds,50.4592,48.1431,Gostinichnyy Domik
302,Bodden Town,KY,84.2,scattered clouds,19.2833,-81.25,Will T Place
304,Riachao,BR,76.19,scattered clouds,-7.3619,-46.6172,Pousada Nordestina
305,Pandan,PH,85.51,moderate rain,14.0453,124.1694,Bonifacio Lodge
307,Sattahip,TH,82.49,broken clouds,12.6664,100.9007,Pob Choke Residences ( ‡∏û‡∏ö‡πÇ‡∏ä‡∏Ñ‡πÄ‡∏£‡∏î‡∏ã‡∏¥‡πÄ‡∏î‡πâ‡∏ô‡∏ó‡πå )
308,Jalu,LY,75.69,clear sky,29.0331,21.5482,ÿµÿßÿ≠ÿ®ÿ© ÿßŸÑŸÅÿÆÿßŸÖÿ©
309,Nkan,GA,70.27,broken clouds,0.3833,9.7833,H√¥tel Santa Barbara
311,Tautira,PF,77.61,light rain,-17.7333,-149.15,Pension Oaoa
314,Aklavik,CA,71.89,scattered clouds,68.2191,-135.0107,Aklavik Inn
317,Okmulgee,US,85.37,clear sky,35.6234,-95.9605,"Holiday Inn Express & Suites Okmulgee, an IHG Hotel"
318,Lingao,CN,87.44,scattered clouds,19.9103,109.6859,Lingao Ditai Inn
319,Karratha,AU,74.82,clear sky,-20.7377,116.8463,ibis Styles Karratha
321,Jardim,BR,76.53,overcast clouds,-21.4803,-56.1381,Estancia Hotel - Jardim MS
322,Salalah,OM,77.0,light rain,17.0151,54.0924,"HAMDAN PLAZA HOTEL SALALAH, an HTG Hotel"
323,Santa Maria,BR,74.5,clear sky,-29.6842,-53.8069,Hotel Morotin
324,Bama,NG,78.94,overcast clouds,11.5221,13.6856,UN Humanitarian Hub
326,Presidencia Roque Saenz Pena,AR,72.77,overcast clouds,-26.7852,-60.4388,Hotel Gualok
329,Bata,GQ,73.08,overcast clouds,1.8639,9.7658,Hotel Elik Melen
331,Kemin,KG,71.04,overcast clouds,42.7846,75.6892,Hotel Kok-Oirok
332,Rio Branco,BR,75.81,clear sky,-9.9747,-67.81,Hotel Guapindaia Bosque
334,Shwebo,MM,88.14,few clouds,22.5667,95.7,MOON SHINE Guest House
337,Obihiro,JP,72.81,overcast clouds,42.9172,143.2044,Tokachi Gardens Hotel
341,Mahebourg,MU,70.09,scattered clouds,-20.4081,57.7,Shandrani Beachcomber Resort & Spa
344,Pio Xii,BR,76.87,overcast clouds,-3.8325,-45.1525,BACURI DOS QUARESMAS
346,Nabire,ID,84.88,overcast clouds,-3.3667,135.4833,Hotel Nusantara I
348,Hambantota,LK,77.34,heavy intensity rain,6.1241,81.1185,Bungalow 63
349,Ravar,IR,87.89,overcast clouds,31.2656,56.8055,computertik
351,Lensk,RU,73.94,overcast clouds,60.7253,114.9278,–¢–∏–Ω–û—Ä–°
353,Roebourne,AU,74.25,clear sky,-20.7833,117.1333,Latitude20 Roebourne Village
354,Jackson,US,89.47,clear sky,42.4165,-122.8345,Agate Village Apartments
356,Jashpurnagar,IN,80.35,scattered clouds,22.9,84.15,Sagar Restaurant
357,Podor,MR,78.6,broken clouds,16.6527,-14.9587,Auberge Du T√©krour
358,Kushiro,JP,70.75,broken clouds,42.975,144.3747,Toyoko Inn Kushiro Jujigai
359,Ixtapa,MX,85.23,thunderstorm,20.7,-105.2,hotel la terminal
360,Gaya,IN,87.71,haze,24.7833,85.0,Hotel Viraat Inn Gaya
362,Trincomalee,LK,84.06,overcast clouds,8.5711,81.2335,Welcombe Hotel
363,Bolanos De Calatrava,ES,81.68,clear sky,38.9069,-3.6635,Hotel Almagro
365,Bathsheba,BB,83.01,scattered clouds,13.2167,-59.5167,Atlantis Hotel
366,Isabela,PH,80.65,light rain,6.7085,121.9711,Isawad Resort
371,Pokhara,NP,80.98,broken clouds,28.2333,83.9833,OYO 170 Hotel View Point
372,Aracati,BR,76.14,clear sky,-4.5617,-37.7697,Hostel Pousada Ibiza
373,Portland,US,79.63,few clouds,45.5234,-122.6762,Embassy Suites by Hilton Portland Downtown
375,Fuxin,CN,84.47,clear sky,42.0156,121.6589,Xinya International Hotel
377,Punjai Puliyampatti,IN,74.44,overcast clouds,11.35,77.2,V.A.S Lodge
378,Svay Rieng,KH,78.49,overcast clouds,11.0879,105.7993,Apsara guesthouse
381,Ugoofaaru,MV,81.3,overcast clouds,5.6667,73.0,Ungoofaaru Inn
383,Gusau,NG,75.63,scattered clouds,12.1628,6.6614,GUEST INN
388,Umm Lajj,SA,82.18,overcast clouds,25.0213,37.2685,Moon light Furnished Units
390,Sao Joao Da Barra,BR,70.83,scattered clouds,-21.6403,-41.0511,Pousada Porto De Canoas
391,Buraydah,SA,82.85,broken clouds,26.326,43.975,M√∂venpick Qassim
392,Blackfoot,US,83.21,clear sky,43.1905,-112.345,Super 8 by Wyndham Blackfoot/Idaho Falls
396,Sladkovo,RU,73.31,light rain,55.5284,70.3385,Gostinitsa
397,Three Hills,CA,71.67,broken clouds,51.7001,-113.2686,Super 8 by Wyndham Three Hills AB
398,Mao,ES,72.16,clear sky,39.8885,4.2658,ARTIEM Capri
399,Doha,QA,91.71,few clouds,25.2867,51.5333,Doha Marriott Hotel
405,Hithadhoo,MV,82.45,overcast clouds,-0.6,73.0833,Scoop Guest House
409,La Asuncion,VE,87.53,overcast clouds,11.0333,-63.8628,Colinas de Matasiete
410,Puerto Baquerizo Moreno,EC,70.47,broken clouds,-0.9,-89.6,Hotel los Algarrobos
413,Shirwal,IN,72.16,overcast clouds,18.1333,73.9833,HOTEL PRIYANKA BAR AND LODGING
414,Faanui,PF,78.31,light rain,-16.4833,-151.75,Bora-Bora Pearl Beach Resort & Spa
416,Khandyga,RU,79.88,overcast clouds,62.6667,135.6,Apel'sin
417,Lakatoro,VU,83.71,few clouds,-16.0999,167.4164,Lakatoro Palm Lodge
419,Yatou,CN,80.8,scattered clouds,37.15,122.3833,GreenTree Hotel Rongcheng Bus Station
421,Altamont,US,84.88,clear sky,42.2068,-121.7372,Microtel Inn & Suites by Wyndham Klamath Falls
422,Bardiyah,LY,74.8,clear sky,31.7561,25.0865,ÿ®Ÿàÿ±ÿ™Ÿà ÿ®ÿ±ÿØŸäÿ©
423,Johnstown,US,70.57,clear sky,40.3267,-78.922,"Holiday Inn Johnstown-Downtown, an IHG Hotel"
425,Fort Nelson,CA,71.19,scattered clouds,58.8053,-122.7002,The Fort Nelson Hotel
426,Chabahar,IR,84.11,overcast clouds,25.2919,60.643,Ÿáÿ™ŸÑ ⁄ØÿØÿ±Ÿàÿ¥€åÿß
433,San Julian,MX,71.01,overcast clouds,21.0167,-102.1667,La Nueva Espa√±a
436,Russell,US,81.63,clear sky,32.3502,-85.1999,Macs
438,Paluan,PH,84.79,overcast clouds,13.415999999999999,120.4623,Mom's Bed and Breakfast
439,Half Moon Bay,US,84.11,fog,37.4636,-122.4286,"The Ritz-Carlton, Half Moon Bay"
440,Lattes,FR,74.41,clear sky,43.5675,3.9046,R√©sidence Les Consuls de la Mer
441,Palasa,IN,83.23,overcast clouds,18.7667,84.4167,Balaji tifen & meals veg & non veg hotel
446,Sarangani,PH,83.26,overcast clouds,5.4033,125.4636,JVL Inn and Cafeteria
447,Paka,MY,82.33,few clouds,4.6374,103.4368,RUMBIA RESORT VILLA Paka Terengganu
448,Kalnibolotskaya,RU,70.27,overcast clouds,46.0058,40.4568,–≥–æ—Å—Ç–∏–Ω–∏—Ü–∞ –û–ê–û ¬´–†–∞–¥—É–≥–∞¬ª
449,Porto Novo,BJ,76.82,light rain,6.4965,2.6036,Tour Eiffel Hotel Benin
454,Tecoanapa,MX,80.71,overcast clouds,16.5167,-98.75,Hotel Manglares
455,Sal Rei,CV,73.2,few clouds,16.1833,-22.9167,Marine Club Beach Resort
456,Tura,IN,83.98,scattered clouds,25.5198,90.2201,Hotel RIKMAN Continental
458,Sinnamary,GF,76.91,overcast clouds,5.3833,-52.95,ALETHEIA Appartement Sinnamary
459,Rosetta,EG,75.79,clear sky,31.4044,30.4164,Green Valley
460,Pundaguitan,PH,83.95,overcast clouds,6.3711,126.1689,Leonardo Family Beach House 1
461,Sakakah,SA,80.17,few clouds,29.9697,40.2064,Fakhamat Al Orjoana Apartment
462,Mardan,PK,81.3,broken clouds,34.2019,72.0525,Post Graduate Hostel
463,Kawalu,ID,81.27,overcast clouds,-7.3817,108.2082,West Jontor
464,Aquiraz,BR,78.89,scattered clouds,-3.9014,-38.3911,Pousada Rua Camurupim
466,Puerto Parra,CO,82.56,overcast clouds,6.6515,-74.0573,Casa Hotel Villa Johana
470,Solnechnyy,RU,81.93,overcast clouds,50.7214,136.6319,Hotel complex Pastoral
471,Sampit,ID,87.19,overcast clouds,-2.5333,112.95,Aquarius Boutique Hotel Sampit
474,Coruripe,BR,72.99,broken clouds,-10.1256,-36.1756,Pousada e Hotel Litoral Sul
478,Noumea,NC,75.99,light rain,-22.2763,166.4572,H√¥tel Le Lagon
479,Matay,EG,76.44,clear sky,28.419,30.7792,Nag Aespen
480,Kirakira,SB,83.77,few clouds,-10.4544,161.9205,SanBiz Lodge
482,Brokopondo,SR,76.32,heavy intensity rain,4.75,-55.1667,Matu Island
487,Jieshi,CN,84.99,overcast clouds,22.8134,115.8257,Yuehai Hotel
488,Aguilas,ES,76.1,clear sky,37.4063,-1.5829,Hotel Carlos III
489,Longkou,CN,78.08,broken clouds,37.6508,120.3286,Pai Hotel Yantai Longkou City Heping Road
491,Tabou,CI,74.48,scattered clouds,4.423,-7.3528,hot√™l doufoulougou
492,Belyy Yar,RU,75.85,clear sky,53.6039,91.3903,Pasportnyy Stol
493,Pasighat,IN,83.77,overcast clouds,28.0667,95.3333,Siang Guest House
496,Uribia,CO,81.5,overcast clouds,11.7139,-72.266,Hotel Uribia
497,Saint Anthony,US,82.29,scattered clouds,45.0205,-93.21799999999999,"Holiday Inn Express Roseville-St. Paul, an IHG Hotel"
498,Colares,PT,70.79,scattered clouds,38.7992,-9.4469,Arribas Sintra Hotel
503,Volchikha,RU,77.36,clear sky,52.0333,80.3833,Gostinitsa
504,Tabriz,IR,78.26,clear sky,38.08,46.2919,Sina Hotel
509,Srivardhan,IN,79.43,overcast clouds,18.0333,73.0167,Savli Resort/Hotel - Shrivardhan
510,Grand Gaube,MU,70.2,light rain,-20.0064,57.6608,Veranda Paul et Virginie Hotel & Spa
512,Muscat,OM,86.02,overcast clouds,23.6139,58.5922,Mutrah Hotel
515,Tabas,IR,91.71,clear sky,33.5959,56.9244,ÿ¥ÿ±⁄©ÿ™ ŸÖÿπŸÖÿßÿ±€å ŸÖŸáÿ±ÿßÿ≤ ÿ¥ÿß€å⁄ØÿßŸÜ ÿ¢ÿ±ÿßÿØ
516,Aboso,GH,71.02,broken clouds,5.3617,-1.9473,New Atuabo
517,Fort-Shevchenko,KZ,84.72,clear sky,44.5086,50.263000000000005,Oasis hotel Bautino
521,Bijie,CN,76.33,clear sky,27.3125,105.2942,Four Points by Sheraton Bijie
522,Bontang,ID,84.83,scattered clouds,0.1333,117.5,KOPKAR Hotel Bintang Sintuk
525,Shimoda,JP,87.1,overcast clouds,34.6667,138.95,Shimoda Tokyu Hotel
532,Borzya,RU,70.57,broken clouds,50.3833,116.5167,Tikhiy
534,Sao Jose Da Coroa Grande,BR,74.17,scattered clouds,-8.8978,-35.1478,Cr√¥a Mares Hotel
536,Bhavnagar,IN,80.55,moderate rain,21.7667,72.15,Hotel Mausam
538,Kijang,KR,80.33,moderate rain,35.2442,129.2139,Samyang Beach Villa
539,Hirado,JP,91.38,broken clouds,33.3597,129.5531,Samson Hotel
540,Peleduy,RU,72.07,broken clouds,59.6289,112.7406,–ì–æ—Å—Ç–∏–Ω–∏—Ü–∞ ¬´–£—é—Ç¬ª
541,Maceio,BR,74.64,broken clouds,-9.6658,-35.7353,Hotel Ponta Verde Macei√≥
544,Rincon,US,78.85,overcast clouds,32.296,-81.2354,Days Inn Rincon
548,Corinth,GR,71.89,clear sky,37.9407,22.9573,Ephira Hotel
551,Hami,CN,88.48,scattered clouds,42.8,93.45,Laoyutang Resort
552,Manoel Urbano,BR,75.24,broken clouds,-8.8389,-69.2597,Baixada Beira Rio
553,Rodrigues Alves,BR,72.86,overcast clouds,-7.7379999999999995,-72.6509,Pousada Aconchego
555,Kununurra,AU,73.38,few clouds,-15.7667,128.7333,Hotel Kununurra
558,Olinda,BR,74.93,scattered clouds,-8.0089,-34.8553,Flat Quatro Rodas Olinda
560,Abu Kamal,SY,78.69,clear sky,34.4506,40.9171,ÿßŸÑÿ®ŸàŸÉŸÖÿßŸÑ
564,Rafiganj,IN,87.94,clear sky,24.8167,84.65,Umesh sweets
565,Vuktyl,RU,71.94,scattered clouds,63.8567,57.3094,Mini-Hotel Lokomotiv
567,Sovetskiy,RU,73.11,scattered clouds,61.3614,63.5842,Apartment on Kievskaya 29
569,Sri Aman,MY,84.25,few clouds,1.2376,111.4621,Seri Simanggang Hotel
570,Dwarka,IN,81.86,overcast clouds,22.2394,68.9678,Hotel Narayan Avezika Comfort
572,Alyangula,AU,74.37,scattered clouds,-13.8483,136.4192,Groote Eylandt Lodge
575,Marsa Matruh,EG,77.2,scattered clouds,31.3525,27.2453,Beau Site
577,Mitsamiouli,KM,75.27,clear sky,-11.3847,43.2844,Foyer ADM
578,Sungaipenuh,ID,73.04,overcast clouds,-2.0833,101.3833,Penginapan Citra Alam
579,Khash,IR,82.44,overcast clouds,28.2211,61.2158,ÿÆŸàÿßÿ®⁄ØÿßŸá ÿ¢ÿ®ÿ¨€å ŸÖÿ≠ÿØÿ´Ÿá
583,Veraval,IN,81.68,overcast clouds,20.9,70.3667,Lords Inn Somnath
585,La Roda,ES,75.9,clear sky,39.2167,-2.15,Hotel-Restaurante El Sue√±o de Jemik
588,Celestun,MX,81.34,broken clouds,20.8667,-90.4,Posada Lilia
589,Westport,US,71.15,clear sky,41.1415,-73.3579,The Westport Inn
593,Shanghai,CN,89.46,clear sky,31.2222,121.4581,Swissotel Grand Shanghai
595,Yen Bai,VN,89.82,scattered clouds,21.7,104.8667,AK MOTEL
596,Zeya,RU,76.89,light rain,53.75,127.2667,Kapital Inn
601,Yashkul,RU,81.64,overcast clouds,46.1711,45.3435,"Gostinitsa ""Putnik"""
602,Buala,SB,84.49,overcast clouds,-8.145,159.5921,Maringe Lagoon Lodge
605,Mayo,US,73.35,clear sky,38.8876,-76.5119,Resorts Resource Group International
609,Ladario,BR,74.73,broken clouds,-19.0047,-57.6017,Hotel Fazenda 4 cantos
610,San Miguel,SV,80.26,broken clouds,13.4833,-88.1833,Excalibur
613,North Platte,US,87.69,heavy intensity rain,41.1239,-100.7654,"Holiday Inn Express & Suites North Platte, an IHG Hotel"
617,Aguimes,ES,80.65,clear sky,27.9054,-15.4461,Hotel Villa de Aguimes
620,Manicore,BR,76.95,clear sky,-5.8092,-61.3003,Hotel Durval
621,Kutum,SD,78.04,overcast clouds,14.2,24.6667,Dibbo areaŸÖŸÜÿ∑ŸÇÿ© ÿØÿ®Ÿà
623,Nara,JP,88.97,overcast clouds,34.6851,135.8049,Guesthouse Nara Komachi
626,Banjar,ID,82.65,overcast clouds,-8.19,114.9675,The Hamsa Resort
629,Perbaungan,ID,78.91,light rain,3.5679,98.956,Bendang Lama
631,Nizhnyaya Omka,RU,74.43,scattered clouds,55.4338,74.9426,"Gostinitsa Om', Zhkkh"
632,Namatanai,PG,82.98,light rain,-3.6667,152.4333,Seagulls Inn Namatani
633,Manbij,SY,70.03,clear sky,36.5281,37.9549,Manbej City Hotel
635,Ruston,US,79.59,scattered clouds,32.5232,-92.6379,Sleep Inn & Suites University
637,Joshimath,IN,75.18,broken clouds,30.5667,79.5667,Shivalik Camps & Resort
638,La Ronge,CA,70.05,broken clouds,55.1001,-105.2842,Northland Motor Hotel
639,Sao Goncalo Do Amarante,BR,77.13,overcast clouds,-3.6072,-38.9683,Sunshine Inn
640,Hatsukaichi,JP,82.35,overcast clouds,34.35,132.3333,„Éõ„ÉÜ„É´ WAVE
641,Sarh,TD,78.71,few clouds,9.1429,18.3923,Domicile 1sur le goudron
646,Yorosso,ML,75.25,broken clouds,12.3536,-4.7761,Maison d'arr√™t et de correction de Yoro
654,Tikrit,IQ,84.81,clear sky,34.6071,43.6782,ÿπŸÖÿßÿ±Ÿá ÿßŸÑÿπÿ®ÿ∑Ÿá
655,Delvine,AL,70.79,broken clouds,39.9511,20.0978,Vila Shuka
656,Olga,RU,73.83,light rain,43.7444,135.2892,Gostinitsa Rosmorport.
661,Bella Vista,US,84.81,clear sky,36.4295,-94.2316,The Inn at Bella Vista
662,Kalmunai,LK,83.79,overcast clouds,7.4167,81.8167,VS Villa
663,Dicabisagan,PH,88.03,few clouds,17.0818,122.4157,Nancy Montanes Bernardo
664,Ankola,IN,78.62,moderate rain,14.6667,74.3,Hotel Kamat Plus
665,Murakami,JP,82.29,overcast clouds,38.2333,139.4833,Senami Grand Hotel Haginoya
666,Srandakan,ID,82.69,broken clouds,-7.9386,110.2506,Puri Brata
668,Mecca,SA,85.35,overcast clouds,21.4267,39.8261,"Makkah Clock Royal Tower, A Fairmont Hotel"
669,Tateyama,JP,79.27,overcast clouds,34.9833,139.8667,Tateyama Seaside Hotel
670,Nador,MA,73.65,scattered clouds,35.174,-2.9287,H√¥tel La Giralda
672,Marsaxlokk,MT,76.08,few clouds,35.8419,14.5431,Water's Edge
674,Muromtsevo,RU,74.46,scattered clouds,56.3724,75.2418,Plyazh U Reki Tara
